Ubigeo,Departamento provincia y distrito,2018,2019,2020
10000,AMAZONAS,419833,423863,426806
10100,CHACHAPOYAS,61078,62207,63188
10101,CHACHAPOYAS,36602,3787,39051
10102,ASUNCI�N,283,281,278
10103,BALSAS,1222,1202,118
10104,CHETO,687,696,702
10105,CHILIQUIN,619,604,589
10106,CHUQUIBAMBA,197,1955,1933
10107,GRANADA,523,532,539
10108,HUANCAS,1334,1395,1456
10109,LA JALCA,4187,408,3966
10110,LEIMEBAMBA,3862,3845,3815
10111,LEVANTO,830,817,803
10112,MAGDALENA,913,913,911
10113,MARISCAL CASTILLA,1474,1507,1534
10114,MOLINOPAMPA,232,2296,2266
10115,MONTEVIDEO,519,503,487
10116,OLLEROS,422,429,435
10117,QUINJALCA,819,807,792
10118,SAN FRANCISCO DE DAGUAS,321,323,323
10119,SAN ISIDRO DE MAINO,608,599,590
10120,SOLOCO,1293,1279,1261
10121,SONCHE,270,274,277
10200,BAGUA,82816,8385,84672
10201,BAGUA,29096,2954,29905
10202,ARAMANGO,10422,103,10149
10203,COPALL�N,4903,4787,466
10204,EL PARCO,1294,1292,1287
10205,IMAZA,30392,313,32136
10206,LA PECA,6709,6631,6535
10300,BONGAR�,27042,26972,2683
10301,JUMBILLA,1373,1354,1332
10302,CHISQUILLA,323,321,319
10303,CHURUJA,299,301,301
10304,COROSHA,810,819,825
10305,CUISPES,702,694,684
10306,FLORIDA,64,6409,6397
10307,JAZ�N,8035,7994,7931
10308,RECTA,220,219,218
10309,SAN CARLOS,519,535,551
10310,SHIPASBAMBA,163,1656,1678
10311,VALERA,898,868,837
10312,YAMBRASBAMBA,5833,5802,5757
10401,NIEVA,21231,21071,20847
10402,EL CENEPA,11863,12213,12537
10403,R�O SANTIAGO,17086,17543,1796
10500,LUYA,4811,48032,47827
10501,LAMUD,2379,2381,2375
10502,CAMPORREDONDO,7313,7422,7515
10503,COCABAMBA,2087,2068,2045
10504,COLCAMAR,2011,1975,1933
10505,CONILA,195,1939,1923
10506,INGUILPATA,517,502,486
10507,LONGUITA,898,892,883
10508,LONYA CHICO,891,876,858
10509,LUYA,4147,4139,4118
10510,LUYA VIEJO,408,407,405
10511,MAR�A,792,785,776
10512,OCALLI,3919,3939,395
10513,OCUMAL,3744,3734,3712
10514,PISUQUIA,516,5125,5075
10515,PROVIDENCIA,1406,1399,1389
10516,SAN CRIST�BAL,576,563,550
10517,SAN FRANCISCO DEL YESO,745,739,732
10518,SAN JER�NIMO,668,645,621
10519,SAN JUAN DE LOPECANCHA,453,445,434
10520,SANTA CATALINA,2078,2114,2145
10521,SANTO TOM�S,3176,3127,307
10522,TINGO,1355,1367,1375
10523,TRITA,1437,1449,1457
10600,RODR�GUEZ DE MENDOZA,32513,33122,33651
10601,SAN NICOL�S,6278,6399,6499
10602,CHIRIMOTO,2713,2799,2877
10603,COCHAMAL,628,633,636
10604,HUAMBO,2772,2722,2664
10605,LIMABAMBA,2491,2465,2431
10606,LONGAR,1704,1691,1673
10607,MARISCAL BENAVIDES,1568,1566,1559
10608,MILPUC,458,439,419
10609,OMIA,9603,983,10028
10610,SANTA ROSA,538,534,529
10611,TOTORA,293,290,288
10612,VISTA ALEGRE,3467,3754,4048
10700,UTCUBAMBA,118094,118853,119294
10701,BAGUA GRANDE,56257,57076,57746
10702,CAJARURO,24996,24794,24525
10703,CUMBA,8852,8819,876
10704,EL MILAGRO,6422,6471,6503
10705,JAMALCA,7303,7269,7215
10706,LONYA GRANDE,11034,11182,113
10707,YAM�N,323,3242,3245
20000,�NCASH,1.155.451,1.169.522,1.180.638
20100,HUARAZ,178027,181866,185276
20101,HUARAZ,66195,67418,68466
20102,COCHABAMBA,1745,1723,1698
20103,COLCABAMBA,314,293,274
20104,HUANCHAY,1726,1689,1652
20105,INDEPENDENCIA,82563,84931,87112
20106,JANGAS,5056,5138,5206
20107,LA LIBERTAD,1132,1122,111
20108,OLLEROS,2513,2514,2507
20109,PAMPAS,104,102,998
20110,PARIACOTO,5078,5163,5235
20111,PIRA,3536,3518,3489
20112,TARICA,7129,7337,7529
20200,AIJA,6632,6541,6433
20201,AIJA,2158,2175,2182
20202,CORIS,1713,1683,1649
20203,HUACLLAN,383,371,358
20204,LA MERCED,1627,1573,1517
20205,SUCCHA,751,739,727
20300,ANTONIO RAYMONDI,14349,14168,1395
20301,LLAMELLIN,3468,3446,3413
20302,ACZO,2013,1988,1958
20303,CHACCHO,1421,1385,1346
20304,CHINGAS,196,1956,1946
20305,MIRGAS,4279,4212,4135
20306,SAN JUAN DE RONTOY,1208,1181,1152
20400,ASUNCI�N,7879,7805,771
20401,CHACAS,4852,4825,4787
20402,ACOCHACA,3027,298,2923
20500,BOLOGNESI,24877,24474,24012
20501,CHIQUI�N,4092,4095,4087
20502,ABELARDO PARDO LEZAMETA,249,231,215
20503,ANTONIO RAYMONDI,1046,1034,102
20504,AQUIA,2188,2136,2079
20505,CAJACAY,1838,1856,1868
20506,CANIS,318,298,279
20507,COLQUIOC,2452,2404,2348
20508,HUALLANCA,6727,661,6473
20509,HUASTA,1474,1408,1341
20510,HUAYLLACAYAN,1352,1361,1365
20511,LA PRIMAVERA,473,458,444
20512,MANGAS,524,520,515
20513,PACLL�N,955,915,874
20514,SAN MIGUEL DE CORPANQUI,511,492,471
20515,TICLLOS,678,656,633
20600,CARHUAZ,48797,49466,50007
20601,CARHUAZ,16139,16428,16675
20602,ACOPAMPA,2734,2768,2794
20603,AMASHCA,1535,1529,152
20604,ANTA,2553,2579,2598
20605,ATAQUERO,1593,1607,1617
20606,MARCARA,10378,10593,10782
20607,PARIAHUANCA,1457,1458,1455
20608,SAN MIGUEL DE ACO,2502,2505,2502
20609,SHILLA,2962,2943,2915
20610,TINCO,3687,3778,3861
20611,YUNGAR,3257,3278,3288
20700,CARLOS F. FITZCARRALD,18848,18697,18496
20701,SAN LUIS,11202,11158,11083
20702,SAN NICOL�S,3322,3282,3233
20703,YAUYA,4324,4257,418
20800,CASMA,54382,55877,57256
20801,CASMA,38133,39286,40363
20802,BUENA VISTA ALTA,5128,5276,5413
20803,COMANDANTE NOEL,228,2313,234
20804,YAUTAN,8841,9002,914
20900,CORONGO,8034,8037,8017
20901,CORONGO,1789,1792,179
20902,ACO,401,391,380
20903,BAMBAS,483,483,481
20904,CUSCA,2856,2874,2881
20905,LA PAMPA,1088,1084,1078
20906,YANAC,676,672,666
20907,YUP�N,741,741,741
21000,HUARI,62909,63173,63264
21001,HUARI,9781,9806,9803
21002,ANRA,1467,1443,1414
21003,CAJAY,2711,269,2661
21004,CHAV�N DE HU�NTAR,8548,8517,8462
21005,HUACACHI,188,1862,1841
21006,HUACCHIS,1488,1446,1401
21007,HUACHIS,3611,3604,3589
21008,HU�NTAR,2782,2768,2746
21009,MASIN,1439,1401,136
21010,PAUCAS,1632,1601,1565
21011,PONTO,2829,2781,2725
21012,RAHUAPAMPA,749,751,751
21013,RAPAYAN,15,1483,1461
21014,SAN MARCOS,18446,18998,19498
21015,SAN PEDRO DE CHANA,2687,2695,2694
21016,UCO,1359,1327,1293
21100,HUARMEY,32049,32599,33066
21101,HUARMEY,26102,26644,27123
21102,COCHAPETI,822,820,814
21103,CULEBRAS,335,3382,3405
21104,HUAY�N,976,971,961
21105,MALVAS,799,782,763
21200,HUAYLAS,55883,56295,56557
21201,CARAZ,26307,26663,26949
21202,HUALLANCA,108,1096,111
21203,HUATA,1421,141,1394
21204,HUAYLAS,1722,1712,1697
21205,MATO,1982,1977,1967
21206,PAMPAROMAS,8552,8577,8577
21207,PUEBLO LIBRE,6951,698,699
21208,SANTA CRUZ,4612,4606,4588
21209,SANTO TORIBIO,1132,1113,1092
21210,YURACMARCA,2124,2161,2193
21300,MARISCAL LUZURIAGA,21935,21891,21787
21301,PISCOBAMBA,3184,3158,3122
21302,CASCA,4046,4036,4015
21303,ELEAZAR GUZM�N BARR�N,1402,1413,1421
21304,FIDEL OLIVAS ESCUDERO,2034,2016,1993
21305,LLAMA,1063,104,1015
21306,LLUMPA,6255,6294,6315
21307,LUCMA,291,2894,287
21308,MUSGA,1041,104,1036
21400,OCROS,7477,7359,7224
21401,OCROS,1287,1275,1259
21402,ACAS,701,689,676
21403,CAJAMARQUILLA,318,307,297
21404,CARHUAPAMPA,489,469,447
21405,COCHAS,1535,1553,1566
21406,CONGAS,1309,1313,1313
21407,LLIPA,285,259,233
21408,SAN CRIST�BAL DE RAJ�N,460,449,437
21409,SAN PEDRO,643,593,544
21410,SANTIAGO DE CHILCAS,450,452,452
21500,PALLASCA,25022,24729,24371
21501,CABANA,2619,2608,2588
21502,BOLOGNESI,1065,1043,1017
21503,CONCHUCOS,7879,7877,785
21504,HUACASCHUQUE,552,543,532
21505,HUANDOVAL,109,1087,1082
21506,LACABAMBA,537,528,517
21507,LLAPO,633,629,624
21508,PALLASCA,2533,2529,2517
21509,PAMPAS,4105,3902,3697
21510,SANTA ROSA,1146,1148,1147
21511,TAUCA,2863,2835,28
21600,POMABAMBA,26773,2676,26675
21601,POMABAMBA,14881,14928,14933
21602,HUAYLL�N,313,3094,3051
21603,PAROBAMBA,6421,6404,6369
21604,QUINUABAMBA,2341,2334,2322
21700,RECUAY,18174,18154,18085
21701,RECUAY,4614,4577,4527
21702,CATAC,4068,407,406
21703,COTAPARACO,423,409,394
21704,HUAYLLAPAMPA,648,614,580
21705,LLACLL�N,929,893,855
21706,MARCA,1758,1843,1924
21707,PAMPAS CHICO,947,901,854
21708,PARAR�N,1639,1681,1716
21709,TAPACOCHA,447,440,432
21710,TICAPAMPA,2701,2726,2743
21800,SANTA,459137,467182,474053
21801,CHIMBOTE,215834,216601,216776
21802,C�CERES DEL PER�,4826,4828,4816
21803,COISHCO,16941,17236,17491
21804,MACATE,3346,3315,3275
21805,MORO,8449,8576,8683
21806,NEPE�A,14601,14742,14846
21807,SAMANCO,5022,5129,5225
21808,SANTA,21748,22242,22689
21809,NUEVO CHIMBOTE,16837,174513,180252
21900,SIHUAS,2884,28774,2863
21901,SIHUAS,5652,5678,5687
21902,ACOBAMBA,1695,1673,1647
21903,ALFONSO UGARTE,557,535,514
21904,CASHAPAMPA,2955,2954,2945
21905,CHINGALPO,947,933,916
21906,HUAYLLABAMBA,3769,374,3701
21907,QUICHES,2451,2428,24
21908,RAGASH,2452,2432,2404
21909,SAN JUAN,6806,687,6914
21910,SICSIBAMBA,1556,1531,1502
22000,YUNGAY,55427,55675,55769
22001,YUNGAY,21873,22118,22302
22002,CASCAPARA,1747,1725,1698
22003,MANCOS,6906,6904,6881
22004,MATACOTO,1511,1519,1522
22005,QUILLO,12926,13049,13137
22006,RANRAHIRCA,2932,2952,2964
22007,SHUPLUY,1955,1932,1904
22008,YANAMA,5577,5476,5361
30000,APUR�MAC,427323,429587,430736
30100,ABANCAY,116371,118392,120116
30101,ABANCAY,72761,748,76639
30102,CHACOCHE,141,1425,1437
30103,CIRCA,1933,1887,1836
30104,CURAHUASI,17136,17127,17064
30105,HUANIPACA,301,2896,2778
30106,LAMBRAMA,3092,2953,2813
30107,PICHIRHUA,2877,2777,2673
30108,SAN PEDRO DE CACHORA,2642,2568,249
30109,TAMBURCO,1151,11959,12386
30200,ANDAHUAYLAS,150105,150634,150758
30201,ANDAHUAYLAS,44284,45221,46035
30202,ANDARAPA,573,5655,5565
30203,CHIARA,1236,1224,1209
30204,HUANCARAMA,5378,5229,507
30205,HUANCARAY,3951,3904,3846
30206,HUAYANA,786,770,751
30207,KISHUARA,6385,6234,6069
30208,PACOBAMBA,3562,3451,3334
30209,PACUCHA,8638,8514,8367
30210,PAMPACHIRI,2314,2293,2268
30211,POMACOCHA,908,901,890
30212,SAN ANTONIO DE CACHI,3048,3028,3
30213,SAN JER�NIMO,22061,22184,22241
30214,SAN MIGUEL DE CHACCRAMPA,169,1673,165
30215,SANTA MAR�A DE CHICMO,8754,8674,857
30216,TALAVERA,19465,19711,19901
30217,TUMAY HUARACA,196,1939,1912
30218,TURPO,381,3778,3736
30219,KAQUIABAMBA,1851,1802,1748
30220,JOS� MAR�A ARGUEDAS,4294,4449,4596
30300,ANTABAMBA,11895,11854,11781
30301,ANTABAMBA,2922,2895,286
30302,EL ORO,584,590,595
30303,HUAQUIRCA,1955,2005,2049
30304,JUAN ESPINOZA MEDRANO,1783,1763,1738
30305,OROPESA,2404,239,2369
30306,PACHACONAS,1099,1091,1079
30307,SABAINO,1148,112,1091
30400,AYMARAES,25392,25012,2457
30401,CHALHUANCA,5122,5164,5191
30402,CAPAYA,617,606,593
30403,CARAYBAMBA,976,949,919
30404,CHAPIMARCA,1965,1939,1907
30405,COLCABAMBA,727,721,712
30406,COTARUSE,2704,2598,2491
30407,HUAYLLO,479,466,453
30408,JUSTO APU SAHUARAURA,770,747,723
30409,LUCRE,1593,1552,1507
30410,POCOHUANCA,1065,1054,1041
30411,SAN JUAN DE CHAC�A,795,784,770
30412,SA�AYCA,1152,1137,1118
30413,SORAYA,746,742,736
30414,TAPAIRIHUA,1946,1926,1901
30415,TINTAY,238,232,2255
30416,TORAYA,1334,1301,1266
30417,YANACA,1021,1006,987
30500,COTABAMBAS,53758,54552,55208
30501,TAMBOBAMBA,10809,10816,10789
30502,COTABAMBAS,4112,4089,4052
30503,COYLLURQUI,6943,686,6756
30504,HAQUIRA,9935,984,9712
30505,MARA,6195,6171,6127
30506,CHALLHUAHUACHO,15764,16776,17772
30600,CHINCHEROS,47471,4707,46544
30601,CHINCHEROS,5549,5529,5495
30602,ANCO-HUALLO,1077,10749,10695
30603,COCHARCAS,1811,1772,1729
30604,HUACCANA,6944,6836,6711
30605,OCOBAMBA,7193,7125,7036
30606,ONGOY,2459,2408,2352
30607,URANMARCA,2817,2794,2765
30608,RANRACANCHA,4247,4209,4158
30609,ROCCHACC,2825,281,2787
30610,EL PORVENIR,1801,1788,1771
30611,LOS CHANKAS,1055,105,1045
30700,GRAU,22331,22073,21759
30701,CHUQUIBAMBILLA,5318,5295,5255
30702,CURPAHUASI,2033,2003,1967
30703,GAMARRA,2882,2791,2696
30704,HUAYLLATI,1421,1385,1346
30705,MAMARA,905,900,893
30706,MICAELA BASTIDAS,959,933,905
30707,PATAYPAMPA,832,814,794
30708,PROGRESO,3156,3194,3222
30709,SAN ANTONIO,285,278,271
30710,SANTA ROSA,587,576,562
30711,TURPAY,664,652,640
30712,VILCABAMBA,1314,1321,1324
30713,VIRUNDO,693,668,643
30714,CURASCO,1282,1263,1241
40000,AREQUIPA,1.428.708,1.464.638,1.497.438
40100,AREQUIPA,1.114.721,1.146.418,1.175.765
40101,AREQUIPA,55496,55033,544
40102,ALTO SELVA ALEGRE,8579,87291,88537
40103,CAYMA,9798,100686,10314
40104,CERRO COLORADO,206393,217894,229142
40105,CHARACATO,14142,1519,16263
40106,CHIGUATA,3039,308,3112
40107,JACOBO HUNTER,50879,51442,51848
40108,LA JOYA,35441,36807,38103
40109,MARIANO MELGAR,62295,6346,64442
40110,MIRAFLORES,61362,62586,63632
40111,MOLLEBAYA,5426,6172,6998
40112,PAUCARPATA,131837,133175,134099
40113,POCSI,469,458,447
40114,POLOBAYA,873,836,797
40115,QUEQUE�A,529,6085,6977
40116,SABAND�A,4397,4476,4544
40117,SACHACA,25237,26163,27038
40118,SAN JUAN DE SIGUAS,640,601,561
40119,SAN JUAN DE TARUCANI,1404,1353,1299
40120,SANTA ISABEL DE SIGUAS,720,686,650
40121,SANTA RITA DE SIGUAS,6885,7187,7478
40122,SOCABAYA,77115,79147,80977
40123,TIABAYA,16622,16848,17023
40124,UCHUMAYO,15153,15689,16195
40125,VITOR,4151,4332,4506
40126,YANAHUARA,25766,26099,26354
40127,YARABAMBA,1433,1482,1528
40128,YURA,36865,39899,43033
40129,JOS� LUIS BUSTAMANTE Y RIVERO,81621,82261,82642
40200,CAMAN�,59939,609,61708
40201,CAMAN�,12995,12855,12677
40202,JOS� MAR�A QU�MPER,4568,4645,471
40203,MARIANO NICOL�S VALC�RCEL,7579,8014,8448
40204,MARISCAL C�CERES,6273,6371,645
40205,NICOL�S DE PI�ROLA,7423,7583,7723
40206,OCO�A,411,4082,404
40207,QUILCA,1021,1048,1072
40208,SAMUEL PASTOR,1597,16302,16588
40300,CARAVEL�,42127,42961,4369
40301,CARAVEL�,4157,4198,4227
40302,ACARI,4976,5081,5172
40303,ATICO,5641,5809,5962
40304,ATIQUIPA,511,493,475
40305,BELLA UNI�N,3147,3065,2978
40306,CAHUACHO,646,628,609
40307,CHALA,9338,9862,10368
40308,CHAPARRA,3653,3639,3613
40309,HUANUHUANU,308,3144,3199
40310,JAQUI,1592,1585,1576
40311,LOMAS,1511,1548,158
40312,QUICACHA,1899,1903,1902
40313,YAUCA,1976,2006,2029
40400,CASTILLA,35129,34984,34743
40401,APLAO,8932,8961,8964
40402,ANDAGUA,1049,1031,101
40403,AYO,246,239,230
40404,CHACHAS,1682,1664,1643
40405,CHILCAYMARCA,999,1018,1034
40406,CHOCO,721,694,666
40407,HUANCARQUI,1559,1574,1586
40408,MACHAGUAY,510,484,457
40409,ORCOPAMPA,8501,8542,8557
40410,PAMPACOLCA,2024,1944,1862
40411,TIPAN,450,440,429
40412,U��N,210,206,202
40413,URACA,6666,6638,659
40414,VIRACO,158,1549,1513
40500,CAYLLOMA,92761,95211,97458
40501,CHIVAY,5991,5948,5889
40502,ACHOMA,861,840,817
40503,CABANACONDE,2199,2149,2094
40504,CALLALLI,1497,1427,1357
40505,CAYLLOMA,3739,3718,3688
40506,COPORAQUE,1165,1147,1126
40507,HUAMBO,693,678,660
40508,HUANCA,1041,1003,967
40509,ICHUPAMPA,575,574,572
40510,LARI,914,881,847
40511,LLUTA,743,723,703
40512,MACA,719,704,687
40513,MADRIGAL,666,664,660
40514,SAN ANTONIO DE CHUCA,924,901,878
40515,SIBAYO,695,687,677
40516,TAPAY,780,799,817
40517,TISCO,1529,1507,1483
40518,TUTI,636,617,598
40519,YANQUE,2182,2173,2158
40520,MAJES,65212,68071,7078
40600,CONDESUYOS,1672,16595,16426
40601,CHUQUIBAMBA,3392,338,3361
40602,ANDARAY,684,685,685
40603,CAYARANI,3328,3307,3275
40604,CHICHAS,693,684,673
40605,IRAY,614,607,599
40606,R�O GRANDE,344,345,3451
40607,SALAMANCA,479,448,419
40608,YANAQUIHUA,409,4034,3963
40700,ISLAY,54162,5458,54851
40701,MOLLENDO,25937,2623,26453
40702,COCACHACRA,8474,843,8363
40703,DEAN VALDIVIA,6961,7055,7129
40704,ISLAY,5114,5165,5202
40705,MEJ�A,1217,123,124
40706,PUNTA DE BOMB�N,6459,647,6464
40800,LA UNI�N,13149,12989,12797
40801,COTAHUASI,2981,2984,2981
40802,ALCA,1892,1875,1851
40803,CHARCANA,594,591,586
40804,HUAYNACOTAS,1943,1907,1867
40805,PAMPAMARCA,1148,1129,1106
40806,PUYCA,2417,2384,2346
40807,QUECHUALLA,277,278,278
40808,SAYLA,326,313,300
40809,TAUR�A,317,315,313
40810,TOMEPAMPA,689,675,658
40811,TORO,565,538,511
50000,AYACUCHO,659061,664494,668213
50100,HUAMANGA,302054,310318,317801
50101,AYACUCHO,105944,108794,11137
50102,ACOCRO,8308,8573,8818
50103,ACOS VINCHOS,4714,4844,4964
50104,CARMEN ALTO,30156,30973,31712
50105,CHIARA,6318,6512,6691
50106,OCROS,5848,6018,6172
50107,PACAYCASA,338,3477,3565
50108,QUINUA,5518,5676,5821
50109,SAN JOS� DE TICLLAS,1515,1558,1596
50110,SAN JUAN BAUTISTA,51455,52764,53934
50111,SANTIAGO DE PISCHA,1552,1598,1639
50112,SOCOS,6486,6674,6846
50113,TAMBILLO,5655,5835,6001
50114,VINCHOS,15293,1578,16233
50115,JES�S NAZARENO,19955,20517,21028
50116,ANDR�S AVELINO C�CERES DORREGARAY,29957,30725,31411
50200,CANGALLO,32929,3275,32482
50201,CANGALLO,6001,5929,5842
50202,CHUSCHI,9015,908,9119
50203,LOS MOROCHUCOS,8212,8227,8217
50204,MAR�A PARADO DE BELLIDO,2145,2088,2026
50205,PARAS,4404,4347,4279
50206,TOTOS,3152,3079,2999
50300,HUANCA SANCOS,8687,8525,8341
50301,SANCOS,3246,3217,3181
50302,CARAPO,1892,1836,1774
50303,SACSAMARCA,138,1346,1308
50304,SANTIAGO DE LUCANAMARCA,2169,2126,2078
50400,HUANTA,96811,97144,97205
50401,HUANTA,42245,42825,43266
50402,AYAHUANCO,1216,1139,1072
50403,HUAMANGUILLA,4374,4287,4188
50404,IGUAIN,2859,2865,2861
50405,LURICOCHA,6078,6157,6217
50406,SANTILLANA,4058,3985,39
50407,SIVIA,11953,11836,11685
50408,LLOCHEGUA,11241,11371,11466
50409,CANAYRE,4074,4233,4384
50410,UCHURACCAY,3842,3763,3672
50411,PUCACOLPA,2612,2453,2299
50412,CHACA,2259,223,2195
50500,LA MAR,76706,76096,75277
50501,SAN MIGUEL,11298,11373,1141
50502,ANCO,8471,83,8105
50503,AYNA,10105,10067,9995
50504,CHILCAS,1705,1633,1558
50505,CHUNGUI,4553,4505,4443
50506,LUIS CARRANZA,1353,1361,1365
50507,SANTA ROSA,1254,12633,12686
50508,TAMBO,10395,985,9302
50509,SAMUGARI,10664,10847,10997
50510,ANCHIHUAY,45,4429,4345
50511,ORONCOY,1122,1098,1071
50600,LUCANAS,53946,52957,51838
50601,PUQUIO,14557,14572,14535
50602,AUCARA,2908,2788,2665
50603,CABANA,2155,2068,1976
50604,CARMEN SALCEDO,1743,1637,1532
50605,CHAVI�A,2322,2312,2296
50606,CHIPAO,2658,2551,2443
50607,HUAC-HUAS,1702,1627,155
50608,LARAMATE,1723,1702,1676
50609,LEONCIO PRADO,117,1133,1095
50610,LLAUTA,948,913,877
50611,LUCANAS,2872,279,2703
50612,OCA�A,242,2334,2244
50613,OTOCA,2013,1932,1848
50614,SAISA,859,854,848
50615,SAN CRIST�BAL,1855,1842,1823
50616,SAN JUAN,1028,1012,994
50617,SAN PEDRO,2776,2722,2661
50618,SAN PEDRO DE PALCO,983,941,898
50619,SANCOS,5008,4947,4869
50620,SANTA ANA DE HUAYCAHUACHO,838,846,850
50621,SANTA LUC�A,1408,1434,1455
50700,PARINACOCHAS,29337,29279,29139
50701,CORACORA,13871,13733,13549
50702,CHUMPI,2312,2248,2179
50703,CORONEL CASTA�EDA,1829,1884,1934
50704,PACAPAUSA,644,599,556
50705,PULLO,6757,6984,7191
50706,PUYUSCA,2179,2154,2123
50707,SAN FRANCISCO DE RAVACAYCO,545,532,518
50708,UPAHUACHO,12,1145,1089
50800,P�UCAR DEL SARA SARA,10097,10017,9909
50801,PAUSA,3354,3372,3376
50802,COLTA,486,463,440
50803,CORCULLA,466,456,445
50804,LAMPA,2071,2031,1983
50805,MARCABAMBA,650,636,621
50806,OYOLO,1569,161,1647
50807,PARARCA,430,412,392
50808,SAN JAVIER DE ALPABAMBA,305,290,275
50809,SAN JOS� DE USHUA,238,242,247
50810,SARA SARA,528,505,483
50900,SUCRE,9774,9543,9292
50901,QUEROBAMBA,2629,2618,26
50902,BEL�N,340,325,310
50903,CHALCOS,499,481,461
50904,CHILCAYOC,511,497,481
50905,HUACA�A,382,365,348
50906,MORCOLLA,1304,1274,1243
50907,PAICO,570,544,517
50908,SAN PEDRO DE LARCAY,842,829,814
50909,SAN SALVADOR DE QUIJE,1027,982,936
50910,SANTIAGO DE P�UCARAY,614,590,565
50911,SORAS,1056,1038,1017
51000,V�CTOR FAJARDO,20709,2031,19866
51001,HUANCAPI,1963,1923,1878
51002,ALCAMENCA,1548,1474,1399
51003,APONGO,641,602,565
51004,ASQUIPATA,486,484,482
51005,CANARIA,405,4045,4027
51006,CAYARA,1174,1158,1138
51007,COLCA,1055,1039,102
51008,HUAM�NQUIQUIA,1137,1124,1107
51009,HUANCARAYLLA,1322,1283,1241
51010,HUAYA,2152,207,1985
51011,SARHUA,2693,2661,2624
51012,VILCANCHOS,2488,2447,24
51100,VILCAS HUAM�N,18011,17555,17063
51101,VILCAS HUAM�N,6798,6663,6513
51102,ACCOMARCA,921,887,851
51103,CARHUANCA,861,837,812
51104,CONCEPCI�N,1725,1642,1558
51105,HUAMBALPA,1402,1342,128
51106,INDEPENDENCIA,1191,1144,1095
51107,SAURAMA,1105,1075,1042
51108,VISCHONGO,4008,3965,3912
60000,CAJAMARCA,1.438.325,1.447.891,1.453.711
60100,CAJAMARCA,375029,382068,38817
60101,CAJAMARCA,235184,240461,245137
60102,ASUNCI�N,8366,8137,7896
60103,CHETILLA,3885,388,3863
60104,COSPAN,7266,7222,7159
60105,ENCA�ADA,20512,2031,20052
60106,JES�S,16255,16483,16666
60107,LLACANORA,6342,6508,6657
60108,LOS BA�OS DEL INCA,49824,51608,53298
60109,MAGDALENA,8868,8851,8809
60110,MATARA,3786,3795,3793
60111,NAMORA,10169,10253,10308
60112,SAN JUAN,4572,456,4532
60200,CAJABAMBA,81489,82434,83167
60201,CAJABAMBA,33115,33715,34231
60202,CACHACHI,25315,25479,25575
60203,CONDEBAMBA,14929,15143,15319
60204,SITACOCHA,813,8097,8042
60300,CELEND�N,84423,84282,83916
60301,CELEND�N,28346,28761,29097
60302,CHUMUCH,2758,2732,2699
60303,CORTEGANA,7449,7406,7343
60304,HUASMIN,11223,11069,10885
60305,JORGE CH�VEZ,474,468,461
60306,JOS� G�LVEZ,2765,2762,2751
60307,MIGUEL IGLESIAS,4054,3993,3922
60308,OXAMARCA,5909,5874,5824
60309,SOROCHUCO,7833,7683,7514
60310,SUCRE,5511,5491,5455
60311,UTCO,1112,1097,1081
60312,LA LIBERTAD DE PALL�N,6989,6946,6884
60400,CHOTA,152703,152413,151714
60401,CHOTA,50325,50847,51231
60402,ANGU�A,3356,329,3216
60403,CHAD�N,3697,3669,3632
60404,CHIGUIRIP,3771,3704,3628
60405,CHIMBAN,2345,2274,2201
60406,CHOROPAMPA,2439,2377,2311
60407,COCHABAMBA,595,5899,5832
60408,CONCH�N,6013,5986,5944
60409,HUAMBOS,8711,866,8584
60410,LAJAS,11745,11681,11586
60411,LLAMA,7484,7444,7385
60412,MIRACOSTA,3358,3333,33
60413,PACCHA,4697,4666,4621
60414,PI�N,1272,1248,1222
60415,QUEROCOTO,8874,8863,8826
60416,SAN JUAN DE LICUPIS,995,988,977
60417,TACABAMBA,16986,1685,16668
60418,TOCMOCHE,896,890,880
60419,CHALAMARCA,9789,9744,967
60500,CONTUMAZ�,29594,29516,29357
60501,CONTUMAZ�,8142,8111,8061
60502,CHILETE,2806,2783,2752
60503,CUPISNIQUE,1424,1415,1402
60504,GUZMANGO,2855,2854,2845
60505,SAN BENITO,3591,3605,3607
60506,SANTA CRUZ DE TOLEDO,1059,1054,1047
60507,TANTARICA,2628,2643,265
60508,YONAN,7089,7051,6993
60600,CUTERVO,125818,125048,123948
60601,CUTERVO,51462,5144,51272
60602,CALLAYUC,9736,9694,9627
60603,CHOROS,3323,3308,3286
60604,CUJILLO,2616,2595,2569
60605,LA RAMADA,4077,4032,3977
60606,PIMPINGOS,5269,5202,5121
60607,QUEROCOTILLO,13843,13646,13416
60608,SAN ANDR�S DE CUTERVO,4419,4353,4276
60609,SAN JUAN DE CUTERVO,1897,1878,1856
60610,SAN LUIS DE LUCMA,3127,3067,2999
60611,SANTA CRUZ,2747,2713,2671
60612,SANTO DOMINGO DE LA CAPILLA,5076,5052,5015
60613,SANTO TOM�S,7695,766,7603
60614,SOCOTA,9378,9279,9156
60615,TORIBIO CASANOVA,1153,1129,1104
60700,HUALGAYOC,84617,84378,83913
60701,BAMBAMARCA,65279,65077,64702
60702,CHUGUR,3039,3003,2959
60703,HUALGAYOC,16299,16298,16252
60800,JA�N,199911,202081,203724
60801,JA�N,102445,104361,106009
60802,BELLAVISTA,16212,16313,1637
60803,CHONTALI,10329,10374,10391
60804,COLASAY,10682,10639,10567
60805,HUABAL,8762,8887,8989
60806,LAS PIRIAS,4586,4621,4643
60807,POMAHUACA,9151,9211,9245
60808,PUCARA,6878,6873,685
60809,SALLIQUE,7542,7536,7509
60810,SAN FELIPE,4868,4809,474
60811,SAN JOS� DEL ALTO,7847,7959,805
60812,SANTA ROSA,10609,10498,10361
60900,SAN IGNACIO,143012,14458,14577
60901,SAN IGNACIO,38745,39506,40171
60902,CHIRINOS,1553,15773,15974
60903,HUARANGO,18874,18766,18607
60904,LA COIPA,20778,21032,21229
60905,NAMBALLE,9967,997,9945
60906,SAN JOS� DE LOURDES,1957,19757,1989
60907,TABACONAS,19548,19776,19954
61000,SAN MARCOS,51448,51633,51678
61001,PEDRO G�LVEZ,21245,21494,21685
61002,CHANCAY,3099,3088,3069
61003,EDUARDO VILLANUEVA,2903,2975,3039
61004,GREGORIO PITA,5406,5284,515
61005,ICHOCAN,1995,1987,1971
61006,JOS� MANUEL QUIROZ,3703,367,3627
61007,JOS� SABOGAL,13097,13135,13137
61100,SAN MIGUEL,4833,47782,47114
61101,SAN MIGUEL,1426,14167,14036
61102,BOL�VAR,1359,1336,131
61103,CALQUIS,4298,4295,4281
61104,CATILLUC,289,2855,2813
61105,EL PRADO,1699,168,1657
61106,LA FLORIDA,2216,2193,2165
61107,LLAPA,4689,4633,4563
61108,NANCHOC,1374,1373,137
61109,NIEPOS,3434,3359,3276
61110,SAN GREGORIO,2306,2293,2274
61111,SAN SILVESTRE DE COCH�N,384,3781,3711
61112,TONGOD,2756,2644,253
61113,UNI�N AGUA BLANCA,3209,3173,3128
61200,SAN PABLO,22657,22677,22638
61201,SAN PABLO,13417,13457,1346
61202,SAN BERNARDINO,459,459,4578
61203,SAN LUIS,983,953,922
61204,TUMBADEN,3667,3677,3678
61300,SANTA CRUZ,39294,38999,38602
61301,SANTA CRUZ,9814,9799,9756
61302,ANDABAMBA,1371,1343,1311
61303,CATACHE,9808,9852,987
61304,CHANCAYBA�OS,3532,3505,3468
61305,LA ESPERANZA,2426,2391,2351
61306,NINABAMBA,2131,2067,1999
61307,PULAN,4026,3962,3887
61308,SAUCEPAMPA,1482,1442,1399
61309,SEXI,447,443,437
61310,UTICYACU,131,1284,1255
61311,YAUYUC�N,2947,2911,2869
70000,PROV. CONST. DEL CALLAO,1.078.789,1.105.512,1.129.854
70100,CALLAO,1.078.789,1.105.512,1.129.854
70101,CALLAO,492879,503234,512386
70102,BELLAVISTA,79358,80139,80704
70103,CARMEN DE LA LEGUA REYNOSO,45396,45963,46409
70104,LA PERLA,63657,64142,64454
70105,LA PUNTA,3979,3963,3935
70106,VENTANILLA,3439,357035,369618
70107,MI PER�,4962,51036,52348
80000,CUSCO,1.320.530,1.340.457,1.357.075
80100,CUSCO,484248,498169,511019
80101,CUSCO,11711,117821,118127
80102,CCORCA,2403,2408,2405
80103,POROY,10535,11418,12333
80104,SAN JER�NIMO,62369,66405,70453
80105,SAN SEBASTI�N,122835,128607,134182
80106,SANTIAGO,100663,1024,103817
80107,SAYLLA,709,7702,8338
80108,WANCHAQ,61243,61408,61364
80200,ACOMAYO,24437,24251,24
80201,ACOMAYO,4726,4678,4616
80202,ACOPIA,2964,301,3048
80203,ACOS,2378,2367,235
80204,MOSOC LLACTA,1167,1118,1069
80205,POMACANCHI,7701,7661,7598
80206,RONDOC�N,2046,1982,1915
80207,SANGARAR�,3455,3435,3404
80300,ANTA,61564,62428,63131
80301,ANTA,23817,24667,25464
80302,ANCAHUASI,7616,7711,7784
80303,CACHIMAYO,2615,2681,2742
80304,CHINCHAYPUJIO,4394,437,4333
80305,HUAROCONDO,4796,4722,4634
80306,LIMATAMBO,7958,7868,7754
80307,MOLLEPATA,3395,345,3496
80308,PUCYURA,3223,3199,3166
80309,ZURITE,375,376,3758
80400,CALCA,7037,71071,71582
80401,CALCA,22681,23082,23423
80402,COYA,3649,3652,3645
80403,LAMAY,5856,592,5967
80404,LARES,6513,6472,6412
80405,PISAC,11214,11425,11607
80406,SAN SALVADOR,6002,6097,6175
80407,TARAY,4771,4832,488
80408,YANATILE,9684,9591,9473
80500,CANAS,35199,35024,34754
80501,YANAOCA,9314,9302,927
80502,CHECCA,5547,5523,5485
80503,KUNTURKANKI,5214,5204,5178
80504,LANGUI,2174,2142,2104
80505,LAYO,5635,56,5548
80506,PAMPAMARCA,1909,1903,1889
80507,QUEHUE,2741,2704,266
80508,T�PAC AMARU,2665,2646,262
80600,CANCHIS,104611,105685,106476
80601,SICUANI,62983,63931,64711
80602,CHECACUPE,515,5191,5217
80603,COMBAPATA,5035,5038,5026
80604,MARANGANI,10479,10453,10399
80605,PITUMARCA,8126,8257,8366
80606,SAN PABLO,4542,4515,4475
80607,SAN PEDRO,2827,2821,2808
80608,TINTA,5469,5479,5474
80700,CHUMBIVILCAS,70794,70565,70143
80701,SANTO TOM�S,23039,22958,22809
80702,CAPACMARCA,4185,4158,4119
80703,CHAMACA,6671,6596,6503
80704,COLQUEMARCA,7327,7228,711
80705,LIVITACA,12575,12704,12798
80706,LLUSCO,4594,4462,4322
80707,QUI�OTA,4051,4036,401
80708,VELILLE,8352,8423,8472
80800,ESPINAR,61987,62108,62059
80801,ESPINAR,37493,38252,38886
80802,CONDOROMA,919,896,872
80803,COPORAQUE,10632,10236,9824
80804,OCORURO,1074,1035,995
80805,PALLPATA,5137,513,5111
80806,PICHIGUA,296,2896,2824
80807,SUYCKUTAMBO,1712,164,1566
80808,ALTO PICHIGUA,206,2023,1981
80900,LA CONVENCI�N,167312,167846,16791
80901,SANTA ANA,3057,3033,2999
80902,ECHARATE,2666,26006,25281
80903,HUAYOPATA,5545,5525,5487
80904,MARANURA,5448,5336,5209
80905,OCOBAMBA,6061,6025,5985
80906,QUELLOUNO,15173,15187,1515
80907,KIMBIRI,1824,18702,19099
80908,SANTA TERESA,6972,6969,6945
80909,VILCABAMBA,10464,10359,1024
80910,PICHARI,25025,2616,27234
80911,INKAWASI,4913,4979,5031
80912,VILLA VIRGEN,2332,2365,2391
80913,VILLA KINTIARINA,2322,235,2369
80914,MEGANTONI,7587,7553,7499
81000,PARURO,27212,26964,26644
81001,PARURO,3473,3479,3474
81002,ACCHA,3224,3179,3125
81003,CCAPI,3221,3175,3121
81004,COLCHA,999,974,948
81005,HUANOQUITE,514,5116,5078
81006,OMACHA,5923,5891,5842
81007,PACCARITAMBO,2139,2118,2092
81008,PILLPINTO,1072,1054,1033
81009,YAURISQUE,2021,1978,1931
81100,PAUCARTAMBO,47175,47442,47579
81101,PAUCARTAMBO,13177,13323,13435
81102,CAICAY,2952,3005,305
81103,CHALLABAMBA,9488,9468,9421
81104,COLQUEPATA,9004,8973,8915
81105,HUANCARANI,7689,7788,7866
81106,KOS�IPATA,4865,4885,4892
81200,QUISPICANCHI,98076,100027,101735
81201,URCOS,11785,11984,12152
81202,ANDAHUAYLILLAS,6567,676,6938
81203,CAMANTI,2502,2556,2603
81204,CCARHUAYO,3107,3136,3156
81205,CCATCA,1495,15039,15084
81206,CUSIPATA,4672,4673,4661
81207,HUARO,486,4919,4965
81208,LUCRE,4971,5103,5223
81209,MARCAPATA,4873,4917,4947
81210,OCONGATE,17664,18147,18587
81211,OROPESA,10535,11054,11563
81212,QUIQUIJANA,1159,11739,11856
81300,URUBAMBA,67545,68877,70043
81301,URUBAMBA,22637,23222,23754
81302,CHINCHERO,11761,12043,12298
81303,HUAYLLABAMBA,6062,6192,6308
81304,MACHUPICCHU,5623,5671,5704
81305,MARAS,667,6729,6769
81306,OLLANTAYTAMBO,11447,11642,11808
81307,YUCAY,3345,3378,3402
90000,HUANCAVELICA,376346,37126,365317
90100,HUANCAVELICA,123958,122765,121265
90101,HUANCAVELICA,42325,42674,42858
90102,ACOBAMBILLA,2146,2027,1909
90103,ACORIA,18954,18013,17056
90104,CONAYCA,909,879,848
90105,CUENCA,1191,113,1071
90106,HUACHOCOLPA,1975,1893,1807
90107,HUAYLLAHUARA,700,681,662
90108,IZCUCHACA,923,916,905
90109,LARIA,779,747,717
90110,MANTA,1006,962,917
90111,MARISCAL C�CERES,532,514,494
90112,MOYA,1025,966,911
90113,NUEVO OCCORO,1829,1769,1706
90114,PALCA,2102,2005,1906
90115,PILCHACA,537,528,517
90116,VILCA,2008,1922,1834
90117,YAULI,21166,20557,19892
90118,ASCENSI�N,17124,17963,18765
90119,HUANDO,6727,6619,649
90200,ACOBAMBA,40672,39108,37503
90201,ACOBAMBA,9689,9652,9579
90202,ANDABAMBA,3396,3287,3171
90203,ANTA,4951,4718,4483
90204,CAJA,1962,1887,1809
90205,MARCAS,1633,1577,1519
90206,PAUCAR�,10733,9911,9117
90207,POMACOCHA,3067,2973,2873
90208,ROSARIO,5241,5103,4952
90300,ANGARAES,53985,54015,53901
90301,LIRCAY,25639,25801,25891
90302,ANCHONGA,7734,7781,7805
90303,CALLANMARCA,652,634,615
90304,CCOCHACCASA,3226,3216,3198
90305,CHINCHO,1014,991,967
90306,CONGALLA,3866,3831,3786
90307,HUANCA-HUANCA,1437,1423,1405
90308,HUAYLLAY GRANDE,1155,1103,1051
90309,JULCAMARCA,1879,1907,1929
90310,SAN ANTONIO DE ANTAPARCO,2513,2474,2429
90311,SANTO TOM�S DE PATA,1555,1536,1513
90312,SECCLLA,3315,3318,3312
90400,CASTROVIRREYNA,15214,14917,14588
90401,CASTROVIRREYNA,3217,3199,3172
90402,ARMA,1042,1008,972
90403,AURAHUA,1585,1543,1497
90404,CAPILLAS,980,948,915
90405,CHUPAMARCA,964,950,935
90406,COCAS,768,754,737
90407,HUACHOS,985,933,880
90408,HUAMATAMBO,423,422,418
90409,MOLLEPAMPA,1253,1229,1201
90410,SAN JUAN,745,758,769
90411,SANTA ANA,943,886,834
90412,TANTAR�,705,699,691
90413,TICRAPO,1604,1588,1567
90500,CHURCAMPA,3529,34625,33883
90501,CHURCAMPA,5562,5534,5493
90502,ANCO,5941,5896,5833
90503,CHINCHIHUASI,2084,1987,1889
90504,EL CARMEN,2611,2576,2533
90505,LA MERCED,1173,1178,1179
90506,LOCROJA,3596,3534,3464
90507,PAUCARBAMBA,4721,4544,4362
90508,SAN MIGUEL DE MAYOCC,801,777,751
90509,SAN PEDRO DE CORIS,3664,3604,3535
90510,PACHAMARCA,1997,193,1861
90511,COSME,314,3065,2983
90600,HUAYTAR�,18833,18529,18182
90601,HUAYTAR�,2371,2375,2374
90602,AYAVI,833,833,830
90603,CORDOVA,1058,991,927
90604,HUAYACUNDO ARMA,485,488,488
90605,LARAMARCA,905,892,876
90606,OCOYO,858,795,735
90607,PILPICHACA,3038,2973,2899
90608,QUERCO,1151,1183,1211
90609,QUITO-ARMA,745,733,718
90610,SAN ANTONIO DE CUSICANCHA,1473,1455,1431
90611,SAN FRANCISCO DE SANGAYAICO,998,1015,1029
90612,SAN ISIDRO,1149,115,1148
90613,SANTIAGO DE CHOCORVOS,1812,1706,16
90614,SANTIAGO DE QUIRAHUARA,397,377,356
90615,SANTO DOMINGO DE CAPILLAS,801,778,751
90616,TAMBO,759,785,809
90700,TAYACAJA,88394,87301,85995
90701,PAMPAS,10892,11101,11278
90702,ACOSTAMBO,353,3453,3365
90703,ACRAQUIA,3772,3664,3548
90704,AHUAYCHA,4154,4071,3978
90705,COLCABAMBA,12206,12112,11989
90706,DANIEL HERNANDEZ,9959,9996,10002
90707,HUACHOCOLPA,3433,332,3201
90709,HUARIBAMBA,3222,3141,3052
90710,�AHUIMPUQUIO,1573,1527,1479
90711,PAZOS,5513,5361,5198
90713,QUISHUAR,779,767,752
90714,SALCABAMBA,4166,409,4005
90715,SALCAHUASI,2884,2813,2734
90716,SAN MARCOS DE ROCCHAC,1959,1875,1789
90717,SURCUBAMBA,5099,5104,5094
90718,TINTAY PUNCU,3219,3057,2893
90719,QUICHUAS,4307,4301,4281
90720,ANDAYMARCA,263,265,2662
90721,ROBLE,1374,1294,1216
90722,PICHOS,2076,1986,1894
90723,SANTIAGO DE TUCUMA,1647,1618,1585
100000,HU�NUCO,757467,759851,760267
100100,HU�NUCO,307723,312201,315799
100101,HU�NUCO,9244,942,9554
100102,AMARILIS,85811,87373,88635
100103,CHINCHAO,13316,13262,13159
100104,CHURUBAMBA,16764,1608,15364
100105,MARGOS,4514,4312,412
100106,QUISQUI,3637,3454,3279
100107,SAN FRANCISCO DE CAYR�N,4897,4881,4847
100108,SAN PEDRO DE CHAUL�N,3502,3074,2748
100109,SANTA MAR�A DEL VALLE,21395,21672,21872
100110,YARUMAYO,159,1588,1584
100111,PILLCO MARCA,46137,48775,51354
100112,YACUS,5293,52,5092
100113,SAN PABLO DE PILLAO,8427,833,8205
100200,AMBO,53549,53474,53247
100201,AMBO,22143,22746,23267
100202,CAYNA,2577,2486,2391
100203,COLPAS,177,17,1629
100204,CONCHAMARCA,4644,4533,4411
100205,HU�CAR,81,809,8053
100206,SAN FRANCISCO,1565,1467,1374
100207,SAN RAFAEL,9223,9009,8772
100208,TOMAY KICHWA,3527,3443,335
100300,DOS DE MAYO,34376,33436,32427
100301,LA UNI�N,6992,7056,7093
100307,CHUQUIS,3395,3262,3123
100311,MAR�AS,5867,5714,5547
100313,PACHAS,5543,5179,4821
100316,QUIVILLA,1218,1156,1094
100317,RIPAN,5502,5422,5324
100321,SHUNQUI,1701,1636,1567
100322,SILLAPATA,1824,1744,1662
100323,YANAS,2334,2267,2196
100400,HUACAYBAMBA,16939,16677,16372
100401,HUACAYBAMBA,595,5888,5809
100402,CANCHABAMBA,2775,2754,2725
100403,COCHABAMBA,1611,1533,1454
100404,PINRA,6603,6502,6384
100500,HUAMAL�ES,54108,53168,52095
100501,LLATA,13925,13842,13718
100502,ARANCAY,1381,1351,1316
100503,CHAV�N DE PARIARCA,3938,3908,3866
100504,JACAS GRANDE,5992,5958,5906
100505,JIRC�N,1428,1338,1249
100506,MIRAFLORES,318,3156,3124
100507,MONZ�N,1298,1254,12077
100508,PUNCHAO,2032,2006,1976
100509,PU�OS,424,4199,4146
100510,SINGA,3182,3115,3039
100511,TANTAMAYO,183,1755,1678
100600,LEONCIO PRADO,134572,136609,138275
100601,RUPA-RUPA,55795,57034,58126
100602,DANIEL ALOM�A ROBLES,6833,6867,688
100603,HERMILIO VALDIZ�N,3707,3704,3691
100604,JOS� CRESPO Y CASTILLO,2328,23581,23817
100605,LUYANDO,9335,9424,9485
100606,MARIANO DAMASO BERA�N,10868,11042,11187
100607,PUCAYACU,391,392,3917
100608,CASTILLO GRANDE,13672,13904,14099
100609,PUEBLO NUEVO,4447,4433,4406
100610,SANTO DOMINGO DE ANDA,2725,27,2667
100700,MARA��N,28715,28978,2916
100701,HUACRACHUCO,15178,15142,15048
100702,CHOL�N,5793,5722,5629
100703,SAN BUENAVENTURA,2173,2139,2097
100704,LA MORADA,3127,3415,3713
100705,SANTA ROSA DE ALTO YANAJANCA,2444,256,2673
100800,PACHITEA,5187,51043,50086
100801,PANAO,184,18291,18126
100802,CHAGLLA,10733,10518,10278
100803,MOLINO,11117,1103,10912
100804,UMARI,1162,11204,1077
100900,PUERTO INCA,36016,3655,36987
100901,PUERTO INCA,10318,10505,10665
100902,CODO DEL POZUZO,7862,8065,8248
100903,HONORIA,4916,4856,4782
100904,TOURNAVISTA,6281,642,6543
100905,YUYAPICHIS,6639,6704,6749
101000,LAURICOCHA,192,18153,17114
101001,JES�S,424,4084,3921
101002,BA�OS,1957,1776,1606
101003,JIVIA,1206,112,1035
101004,QUEROPALCA,102,972,924
101005,RONDOS,3824,3589,3356
101006,SAN FRANCISCO DE ASIS,1301,1227,1152
101007,SAN MIGUEL DE CAURI,5652,5385,512
101100,YAROWILCA,20399,19562,18705
101101,CHAVINILLO,4891,4736,457
101102,CAHUAC,1144,1032,928
101103,CHACABAMBA,1092,991,898
101104,APARICIO POMARES,4942,4857,4754
101105,JACAS CHICO,1118,1062,1006
101106,OBAS,4002,3846,3684
101107,PAMPAMARCA,1138,1067,996
101108,CHORAS,2072,1971,1869
110000,ICA,923175,9501,975182
110100,ICA,421151,43386,445752
110101,ICA,160288,164698,168765
110102,LA TINGUI�A,43141,44689,46164
110103,LOS AQUIJES,23802,24761,25686
110104,OCUCAJE,4847,4998,5141
110105,PACHACUTEC,7838,807,8284
110106,PARCONA,58266,59294,60173
110107,PUEBLO NUEVO,692,722,7513
110108,SALAS,2791,29202,30467
110109,SAN JOS� DE LOS MOLINOS,7616,7811,7989
110110,SAN JUAN BAUTISTA,14928,15246,15527
110111,SANTIAGO,29524,30262,30933
110112,SUBTANJALLA,29864,31277,32666
110113,TATE,4975,5085,5184
110114,YAUCA DEL ROSARIO,1232,1247,126
110200,CHINCHA,24875,255687,26211
110201,CHINCHA ALTA,7373,75486,7707
110202,ALTO LARAN,8372,8639,8891
110203,CHAV�N,2263,2455,2658
110204,CHINCHA BAJA,14151,14401,14613
110205,EL CARMEN,13515,13745,1394
110206,GROCIO PRADO,27419,28264,29052
110207,PUEBLO NUEVO,69371,71511,7351
110208,SAN JUAN DE YANAC,1362,1511,1673
110209,SAN PEDRO DE HUACARPANA,1055,1069,1083
110210,SUNAMPE,31295,32204,33046
110211,TAMBO DE MORA,6217,6402,6574
110300,NASCA,74339,76481,78472
110301,NASCA,2909,29473,29772
110302,CHANGUILLO,213,2155,2175
110303,EL INGENIO,346,3527,3585
110304,MARCONA,17044,17563,18046
110305,VISTA ALEGRE,22615,23763,24894
110400,PALPA,14433,14652,14832
110401,PALPA,8434,8589,8722
110402,LLIPATA,1697,1732,1765
110403,R�O GRANDE,2898,2926,2946
110404,SANTA CRUZ,1036,1039,1037
110405,TIBILLO,368,366,362
110500,PISCO,164502,16942,174016
110501,PISCO,74035,76406,78636
110502,HUANCANO,1492,1474,1452
110503,HUMAY,5759,5811,5846
110504,INDEPENDENCIA,14129,14357,14544
110505,PARACAS,7942,8472,9011
110506,SAN ANDR�S,1545,15742,15995
110507,SAN CLEMENTE,27019,27985,28904
110508,T�PAC AMARU INCA,18676,19173,19628
120000,JUN�N,1.335.139,1.350.021,1.361.467
120100,HUANCAYO,572314,584464,595183
120101,HUANCAYO,122804,123748,124294
120104,CARHUACALLANGA,515,492,468
120105,CHACAPAMPA,983,964,941
120106,CHICCHE,761,725,687
120107,CHILCA,96609,98573,100252
120108,CHONGOS ALTO,1551,154,1523
120111,CHUPURO,209,2096,2095
120112,COLCA,1064,1047,1032
120113,CULLHUAS,1395,1351,1308
120114,EL TAMBO,1715,173882,175725
120116,HUACRAPUQUIO,142,142,1415
120117,HUALHUAS,5631,5825,6006
120119,HUANCAN,27005,28507,29996
120120,HUASICANCHA,866,855,840
120121,HUAYUCACHI,10456,10705,10925
120122,INGENIO,2489,2472,2448
120124,PARIAHUANCA,5481,5348,5201
120125,PILCOMAYO,21979,23024,24039
120126,PUCARA,4998,4937,4859
120127,QUICHUAY,1937,1937,1931
120128,QUILCAS,4045,406,4063
120129,SAN AGUST�N,17064,17885,18684
120130,SAN JER�NIMO DE TUN�N,12476,12772,13031
120132,SA�O,592,6171,6412
120133,SAPALLANGA,22967,24193,25401
120134,SICAYA,18834,20503,22244
120135,SANTO DOMINGO DE ACOBAMBA,6669,6547,6406
120136,VIQUES,2805,2885,2957
120200,CONCEPCI�N,5921,59256,59138
120201,CONCEPCI�N,16402,16631,16806
120202,ACO,1692,1669,1643
120203,ANDAMARCA,3652,3514,3371
120204,CHAMBARA,2728,2706,2675
120205,COCHAS,2014,1995,1971
120206,COMAS,5712,5547,5369
120207,HERO�NAS TOLEDO,1014,983,949
120208,MANZANARES,1537,1537,1532
120209,MARISCAL CASTILLA,1475,1472,1465
120210,MATAHUASI,6135,6236,6318
120211,MITO,1462,1462,1457
120212,NUEVE DE JULIO,2417,2488,2555
120213,ORCOTUNA,5038,5142,5233
120214,SAN JOS� DE QUERO,5829,5774,5702
120215,SANTA ROSA DE OCOPA,2103,21,2092
120300,CHANCHAMAYO,167344,167598,167385
120301,CHANCHAMAYO,28709,28984,29175
120302,PEREN�,59569,59984,60225
120303,PICHANAQUI,44032,43511,42869
120304,SAN LUIS DE SHUARO,4322,4151,3976
120305,SAN RAM�N,2888,29194,29425
120306,VITOC,1832,1774,1715
120400,JAUJA,88854,88751,88405
120401,JAUJA,19415,1971,19948
120402,ACOLLA,6425,6267,6093
120403,APATA,4651,4625,4586
120404,ATAURA,1366,1376,1382
120405,CANCHAYLLO,1708,1703,1692
120406,CURICACA,1501,1479,1454
120407,EL MANTARO,2727,2739,2743
120408,HUAMALI,1707,1685,1659
120409,HUARIPAMPA,1085,1089,109
120410,HUERTAS,2172,2205,2231
120411,JANJAILLO,587,572,557
120412,JULC�N,774,768,758
120413,LEONOR ORD��EZ,1625,1623,1616
120414,LLOCLLAPAMPA,1206,1194,1179
120415,MARCO,1531,1491,1447
120416,MASMA,1842,181,1774
120417,MASMA CHICCHE,768,756,742
120418,MOLINOS,1647,1633,1614
120419,MONOBAMBA,1818,1869,1917
120420,MUQUI,1059,1059,1057
120421,MUQUIYAUYO,2388,2387,238
120422,PACA,928,903,876
120423,PACCHA,1504,146,1413
120424,PANCAN,1287,1278,1264
120425,PARCO,1203,118,1152
120426,POMACANCHA,1484,1434,1382
120427,RICRAN,1326,1282,1236
120428,SAN LORENZO,2719,2768,2808
120429,SAN PEDRO DE CHUNAN,717,697,675
120430,SAUSA,3273,3321,3361
120431,SINCOS,4264,4247,4217
120432,TUN�N MARCA,1056,1029,998
120433,YAULI,1134,1095,1055
120434,YAUYOS,9957,10017,10049
120500,JUN�N,23797,23304,22757
120501,JUN�N,11419,11346,11238
120502,CARHUAMAYO,6827,6699,6554
120503,ONDORES,1232,1153,1075
120504,ULCUMAYO,4319,4106,389
120600,SATIPO,230946,235317,239105
120601,SATIPO,41659,42214,42647
120602,COVIRIALI,6359,6476,6573
120603,LLAYLLA,7117,734,7548
120604,MAZAMARI,41128,42212,43191
120605,PAMPA HERMOSA,4003,3825,3654
120606,PANGOA,62274,63895,65356
120607,R�O NEGRO,32977,33745,34427
120608,R�O TAMBO,30406,30204,29909
120609,VIZCAT�N DEL ENE,5023,5406,58
120700,TARMA,94725,93407,91849
120701,TARMA,50765,50739,50544
120702,ACOBAMBA,9959,9683,9387
120703,HUARICOLCA,1966,1891,1813
120704,HUASAHUASI,1053,10157,9768
120705,LA UNI�N,3689,3675,365
120706,PALCA,5991,5953,5897
120707,PALCAMAYO,3513,3253,3006
120708,SAN PEDRO DE CAJAS,3628,3473,3314
120709,TAPO,4684,4583,447
120800,YAULI,41382,40763,40041
120801,LA OROYA,144,14067,137
120802,CHACAPALPA,701,683,665
120803,HUAY-HUAY,2087,2134,2176
120804,MARCAPOMACOCHA,845,816,784
120805,MOROCOCHA,5276,528,527
120806,PACCHA,1681,1665,1644
120807,SANTA B�RBARA DE CARHUACAYA,1111,1057,1003
120808,SANTA ROSA DE SACCO,9006,8824,8618
120809,SUITUCANCHA,738,725,710
120810,YAULI,5537,5512,5471
120900,CHUPACA,56567,57161,57604
120901,CHUPACA,21539,21574,21538
120902,AHUAC,6741,6754,6745
120903,CHONGOS BAJO,4733,4761,4774
120904,HUACHAC,3146,3093,303
120905,HUAMANCACA CHICO,9672,10259,10839
120906,SAN JUAN DE ISCOS,2327,2325,2314
120907,SAN JUAN DE JARPA,2756,268,2598
120908,TRES DE DICIEMBRE,2896,3007,3114
120909,YANACANCHA,2757,2708,2652
130000,LA LIBERTAD,1.938.501,1.979.901,2.016.771
130100,TRUJILLO,1.060.030,1.090.514,1.118.724
130101,TRUJILLO,335811,340582,344374
130102,EL PORVENIR,211809,220624,229115
130103,FLORENCIA DE MORA,38506,38475,38334
130104,HUANCHACO,78375,82792,87192
130105,LA ESPERANZA,210654,217756,224427
130106,LAREDO,41158,42144,43024
130107,MOCHE,40336,4161,42798
130108,POROTO,3866,39,3924
130109,SALAVERRY,20983,21866,22717
130110,SIMBAL,4437,4482,4515
130111,V�CTOR LARCO HERRERA,74095,76283,78304
130200,ASCOPE,12185,122831,12348
130201,ASCOPE,6858,6865,6855
130202,CHICAMA,15849,15979,16065
130203,CHOCOPE,9828,9831,9807
130204,MAGDALENA DE CAO,2694,2685,2669
130205,PAIJ�N,27827,28396,28894
130206,R�ZURI,9204,9322,9415
130207,SANTIAGO DE CAO,19871,1995,19973
130208,CASA GRANDE,29719,29803,29802
130300,BOL�VAR,16025,16026,15982
130301,BOL�VAR,4969,5006,5031
130302,BAMBAMARCA,3205,3187,3159
130303,CONDORMARCA,2148,2148,2143
130304,LONGOTEA,2336,2347,235
130305,UCHUMARCA,246,2432,2396
130306,UCUNCHA,907,906,903
130400,CHEP�N,84346,8549,86411
130401,CHEP�N,48238,48644,48917
130402,PACANGA,23447,24114,24727
130403,PUEBLO NUEVO,12661,12732,12767
130500,JULC�N,31179,31125,30987
130501,JULC�N,12758,12776,12762
130502,CALAMARCA,5251,5167,507
130503,CARABAMBA,6923,693,6916
130504,HUASO,6247,6252,6239
130600,OTUZCO,85365,85345,85091
130601,OTUZCO,26502,26702,2683
130602,AGALLPAMPA,10276,10354,10403
130604,CHARAT,2643,2612,2574
130605,HUARANCHAL,4248,419,4122
130606,LA CUESTA,667,666,662
130608,MACHE,291,2894,2869
130610,PARANDAY,558,551,542
130611,SALPO,6506,6534,6543
130613,SINSICAP,7631,7597,7543
130614,USQUIL,23424,23245,23003
130700,PACASMAYO,109376,11131,11297
130701,SAN PEDRO DE LLOC,18747,19081,19368
130702,GUADALUPE,42788,43508,44119
130703,JEQUETEPEQUE,4384,4498,4604
130704,PACASMAYO,31002,31619,32161
130705,SAN JOS�,12455,12604,12718
130800,PATAZ,83672,84496,85092
130801,TAYABAMBA,13839,13871,13862
130802,BULDIBUYO,416,4201,4229
130803,CHILLIA,12872,12978,13046
130804,HUANCASPATA,617,6166,6142
130805,HUAYLILLAS,1212,1164,1116
130806,HUAYO,3817,3795,3762
130807,ONGON,1407,1385,136
130808,PARCOY,20312,20753,21147
130809,PATAZ,10158,10482,10782
130810,PIAS,1835,1872,1902
130811,SANTIAGO DE CHALLAS,2362,233,229
130812,TAURIJA,3025,3033,3032
130813,URPAY,2503,2466,2422
130900,S�NCHEZ CARRI�N,162427,165747,16867
130901,HUAMACHUCO,74786,77443,79944
130902,CHUGAY,18956,19177,19344
130903,COCHORCO,9815,9948,10054
130904,CURGOS,8678,8748,8795
130905,MARCABAL,11845,11627,11381
130906,SANAGORAN,14533,14728,14881
130907,SAR�N,9762,9847,9904
130908,SARTIMBAMBA,14052,14229,14367
131000,SANTIAGO DE CHUCO,56043,56032,55868
131001,SANTIAGO DE CHUCO,20223,20325,20368
131002,ANGASMARCA,5127,5067,4995
131003,CACHICAD�N,5899,5851,5789
131004,MOLLEBAMBA,1857,1854,1846
131005,MOLLEPATA,248,2464,2441
131006,QUIRUVILCA,13713,13727,13703
131007,SANTA CRUZ DE CHUCA,3067,3062,3049
131008,SITABAMBA,3677,3682,3677
131100,GRAN CHIM�,28507,28438,2829
131101,CASCAS,14279,14331,14344
131102,LUCMA,4984,4932,4866
131103,MARMOT,2537,2555,2566
131104,SAYAPULLO,6707,662,6514
131200,VIR�,99681,102547,105206
131201,VIR�,56433,575,58418
131202,CHAO,35857,37511,39125
131203,GUADALUPITO,7391,7536,7663
140000,LAMBAYEQUE,1.270.295,1.292.105,1.310.785
140100,CHICLAYO,84074,852801,862709
140101,CHICLAYO,28268,285907,28836
140102,CHONGOYAPE,19201,19441,19629
140103,ET�N,12643,12896,13118
140104,ET�N PUERTO,2396,2422,2439
140105,JOS� LEONARDO ORT�Z,16413,164974,165355
140106,LA VICTORIA,95035,97223,99183
140107,LAGUNAS,10536,10696,10829
140108,MONSEF�,34301,34856,35323
140109,NUEVA ARICA,2509,2526,2538
140110,OYOT�N,8558,847,8359
140111,PICSI,13517,14127,14726
140112,PIMENTEL,48444,50505,52505
140113,REQUE,1678,17304,17794
140114,SANTA ROSA,13296,13592,13856
140115,SA�A,12368,1245,12497
140116,CAYALTI,15484,15446,15365
140117,P�TAPO,24212,24648,25022
140118,POMALCA,26243,26664,27016
140119,PUCAL�,9023,9035,9022
140120,TUM�N,29384,29619,29773
140200,FERRE�AFE,104839,106175,107241
140201,FERRE�AFE,36691,37249,37715
140202,CA�ARIS,12316,123,12251
140203,INCAHUASI,14897,15025,15112
140204,MANUEL ANTONIO MESONES MURO,4142,4167,4179
140205,P�TIPO,2156,21797,21977
140206,PUEBLO NUEVO,15233,15637,16007
140300,LAMBAYEQUE,324716,333129,340835
140301,LAMBAYEQUE,76651,78343,79845
140302,CHOCHOPE,1505,1539,1571
140303,�LLIMO,9374,9436,9472
140304,JAYANCA,19068,19575,20042
140305,MOCHUMI,19388,19596,1975
140306,M�RROPE,52797,54514,56131
140307,MOTUPE,32001,33008,33952
140308,OLMOS,51892,53834,55691
140309,PACORA,8434,8641,8829
140310,SALAS,13428,13522,13577
140311,SAN JOS�,16631,17206,17754
140312,T�CUME,23547,23915,24221
150000,LIMA,10.180.641,10.416.139,10.628.470
150100,PROVINCIA DE LIMA,9.256.429,9.476.975,9.674.755
150101,LIMA,271324,269769,267379
150102,ANC�N,70294,76357,82677
150103,ATE,63347,6529,670818
150104,BARRANCO,35467,35745,35915
150105,BRE�A,9092,92153,93111
150106,CARABAYLLO,361168,38089,400414
150107,CHACLACAYO,43503,43897,44157
150108,CHORRILLOS,342762,349855,355978
150109,CIENEGUILLA,36509,37815,39055
150110,COMAS,557093,566314,573884
150111,EL AGUSTINO,213968,218277,221974
150112,INDEPENDENCIA,219569,221551,22285
150113,JES�S MAR�A,78791,80377,81743
150114,LA MOLINA,15495,15782,160244
150115,LA VICTORIA,188588,1889,188619
150116,LINCE,58668,59213,59578
150117,LOS OLIVOS,345159,3491,351983
150118,LURIGANCHO,26005,271822,283231
150119,LUR�N,99924,10477,109506
150120,MAGDALENA DEL MAR,62406,63856,65139
150121,MAGDALENA VIEJA,90244,9225,9401
150122,MIRAFLORES,104334,106735,108855
150123,PACHACAMAC,126129,134104,142133
150124,PUCUSANA,15421,16032,16615
150125,PUENTE PIEDRA,362799,37955,395819
150126,PUNTA HERMOSA,17876,19966,2223
150127,PUNTA NEGRA,7652,7955,8243
150128,R�MAC,178962,179892,18026
150129,SAN BARTOLO,8147,8442,8722
150130,SAN BORJA,122913,125183,127102
150131,SAN ISIDRO,65861,66878,67703
150132,SAN JUAN DE LURIGANCHO,1.123.889,1.152.258,1.177.629
150133,SAN JUAN DE MIRAFLORES,402989,408538,412865
150134,SAN LUIS,5541,55688,55793
150135,SAN MART�N DE PORRES,712545,729268,74405
150136,SAN MIGUEL,164836,169282,173309
150137,SANTA ANITA,214625,218514,221776
150138,SANTA MAR�A DEL MAR,1067,1106,1142
150139,SANTA ROSA,31021,34361,3794
150140,SANTIAGO DE SURCO,385178,397082,408086
150141,SURQUILLO,98159,99397,100339
150142,VILLA EL SALVADOR,415391,420278,423887
150143,VILLA MAR�A DEL TRIUNFO,426398,432835,437992
150200,BARRANCA,146745,148962,151095
150201,BARRANCA,69686,70971,72221
150202,PARAMONGA,22056,22007,21938
150203,PATIVILCA,17638,17797,17941
150204,SUPE,24382,2493,2547
150205,SUPE PUERTO,12983,13257,13525
150300,CAJATAMBO,6552,6444,6332
150301,CAJATAMBO,205,2004,1956
150302,COPA,860,854,847
150303,GORGOR,1687,165,1612
150304,HUANCAP�N,975,960,945
150305,MANAS,980,976,972
150400,CANTA,11762,11682,11593
150401,CANTA,2333,2291,2247
150402,ARAHUAY,601,596,591
150403,HUAMANTANGA,688,661,637
150404,HUAROS,778,770,761
150405,LACHAQUI,890,886,880
150406,SAN BUENAVENTURA,576,585,595
150407,SANTA ROSA DE QUIVES,5896,5893,5882
150500,CA�ETE,23941,24495,25042
150501,SAN VICENTE DE CA�ETE,56582,57964,59323
150502,ASIA,9822,10249,10686
150503,CALANGO,2359,2385,2409
150504,CERRO AZUL,8264,8453,8637
150505,CHILCA,21659,22605,23568
150506,COAYLLO,1028,1034,1039
150507,IMPERIAL,37887,38239,38559
150508,LUNAHUANA,4121,4103,4082
150509,MALA,32417,33062,33688
150510,NUEVO IMPERIAL,26279,27242,28216
150511,PACAR�N,1669,1677,1684
150512,QUILMAN�,15654,15944,16225
150513,SAN ANTONIO,4408,4513,4616
150514,SAN LUIS,12852,13012,13163
150515,SANTA CRUZ DE FLORES,3049,3118,3186
150516,Z��IGA,136,135,1339
150600,HUARAL,187446,190954,194375
150601,HUARAL,101299,103183,105011
150602,ATAVILLOS ALTO,692,675,657
150603,ATAVILLOS BAJO,895,865,835
150604,AUCALLAMA,20073,20599,21121
150605,CHANCAY,58385,59594,60774
150606,IHUARI,2089,2052,2015
150607,LAMPIAN,336,324,313
150608,PACARAOS,1091,1137,1184
150609,SAN MIGUEL DE ACOS,647,642,636
150610,SANTA CRUZ DE ANDAMARCA,807,788,769
150611,SUMBILCA,726,698,671
150612,VEINTISIETE DE NOVIEMBRE,406,397,389
150700,HUAROCHIR�,63318,62871,62381
150701,MATUCANA,4095,4057,4014
150702,ANTIOQUIA,1256,1246,1232
150703,CALLAHUANCA,777,718,666
150704,CARAMPOMA,334,322,312
150705,CHICLA,3667,3439,3222
150706,CUENCA,453,460,466
150707,HUACHUPAMPA,582,543,509
150708,HUANZA,836,784,736
150709,HUAROCHIR�,1307,1282,1256
150710,LAHUAYTAMBO,628,610,593
150711,LANGA,879,863,847
150712,LARAOS,639,605,573
150713,MARIATANA,1416,1415,1411
150714,RICARDO PALMA,6504,6573,6631
150715,SAN ANDR�S DE TUPICOCHA,1339,1331,1321
150716,SAN ANTONIO,5736,5845,5948
150717,SAN BARTOLOM�,1171,1125,108
150718,SAN DAMI�N,1185,1159,1132
150719,SAN JUAN DE IRIS,683,659,635
150720,SAN JUAN DE TANTARANCHE,366,357,346
150721,SAN LORENZO DE QUINTI,1202,1165,1128
150722,SAN MATEO,4115,4018,3918
150723,SAN MATEO DE OTAO,1413,1379,1343
150724,SAN PEDRO DE CASTA,937,916,893
150725,SAN PEDRO DE HUANCAYRE,209,204,200
150726,SANGALLAYA,643,640,636
150727,SANTA CRUZ DE COCACHACRA,2589,2617,2642
150728,SANTA EULALIA,12916,13124,13305
150729,SANTIAGO DE ANCHUCAYA,313,299,287
150730,SANTIAGO DE TUNA,415,399,384
150731,SANTO DOMINGO DE LOS OLLERO,3272,3306,3336
150732,SURCO,1441,1411,1379
150800,HUAURA,230957,23588,240717
150801,HUACHO,65794,67213,68599
150802,AMBAR,2151,2107,2062
150803,CALETA DE CARQU�N,7977,8233,8491
150804,CHECRAS,924,888,852
150805,HUALMAY,27913,28163,28388
150806,HUAURA,35129,35707,36259
150807,LEONCIO PRADO,193,1933,1932
150808,PACCHO,1566,1534,1502
150809,SANTA LEONOR,767,766,768
150810,SANTA MAR�A,3692,38124,3933
150811,SAY�N,23793,24094,24378
150812,VEGUETA,26093,27118,28156
150900,OY�N,17478,17313,17137
150901,OY�N,11957,11933,11903
150902,ANDAJES,545,517,491
150903,CAUJUL,568,547,524
150904,COCHAMARCA,108,1054,1027
150905,NAV�N,852,840,825
150906,PACHANGARA,2476,2422,2367
151000,YAUYOS,20544,20108,19665
151001,YAUYOS,1432,1353,1276
151002,ALIS,1481,1479,1477
151003,AYAUCA,1153,1111,107
151004,AYAVIRI,548,533,518
151005,AZ�NGARO,435,423,411
151006,CACRA,524,523,522
151007,CARANIA,167,160,153
151008,CATAHUASI,1073,1074,1072
151009,CHOCOS,809,790,770
151010,COCHAS,224,219,213
151011,COLONIA,1135,1112,1088
151012,HONGOS,334,327,319
151013,HUAMPARA,151,145,137
151014,HUANCAYA,574,547,521
151015,HUANGASCAR,649,650,648
151016,HUANTAN,932,938,943
151017,HUA�EC,444,442,441
151018,LARAOS,570,546,522
151019,LINCHA,457,436,416
151020,MADEAN,572,553,536
151021,MIRAFLORES,238,225,212
151022,OMAS,621,620,617
151023,PUTINZA,505,512,517
151024,QUINCHES,620,591,562
151025,QUINOCAY,439,427,415
151026,SAN JOAQU�N,170,163,156
151027,SAN PEDRO DE PILAS,286,277,268
151028,TANTA,501,502,503
151029,TAURIPAMPA,501,496,490
151030,TOM�S,542,512,484
151031,TUPE,512,501,490
151032,VI�AC,1643,1634,1624
151033,VITIS,302,287,274
160000,LORETO,1.000.350,1.015.212,1.027.559
160100,MAYNAS,537282,544615,550551
160101,IQUITOS,16245,163209,163502
160102,ALTO NANAY,3155,3219,3277
160103,FERNANDO LORES,14935,14627,14284
160104,INDIANA,11768,1176,11717
160105,LAS AMAZONAS,879,868,8546
160106,MAZ�N,13898,14014,14091
160107,NAPO,17106,17379,17605
160108,PUNCHANA,86608,87876,88908
160110,TORRES CAUSANA,5015,5045,5061
160112,BEL�N,70503,70855,71005
160113,SAN JUAN BAUTISTA,143054,147951,152555
160200,ALTO AMAZONAS,141129,145646,149892
160201,YURIMAGUAS,96151,100176,104052
160202,BALSAPUERTO,16426,16738,17006
160205,JEBEROS,457,462,4658
160206,LAGUNAS,13594,13658,13684
160210,SANTA CRUZ,4235,426,4273
160211,TENIENTE C�SAR L�PEZ ROJAS,6153,6194,6219
160300,LORETO,69997,7104,71904
160301,NAUTA,32622,33114,3352
160302,PARINARI,6416,6355,6276
160303,TIGRE,7509,7549,7568
160304,TROMPETEROS,10126,10466,10789
160305,URARINAS,13324,13556,13751
160400,MARISCAL RAM�N CASTILLA,58295,58842,59232
160401,RAM�N CASTILLA,22883,23378,23811
160402,PEBAS,12808,12771,127
160403,YAVARI,1004,10054,10041
160404,SAN PABLO,12564,12639,1268
160500,REQUENA,64419,64527,64459
160501,REQUENA,27624,27856,28008
160502,ALTO TAPICHE,1673,1654,1631
160503,CAPELO,2607,2514,2417
160504,EMILIO SAN MART�N,6851,6865,6859
160505,MAQUIA,8523,8608,8669
160506,PUINAHUA,4709,467,4617
160507,SAQUENA,3426,3344,3256
160508,SOPLIN,680,688,695
160509,TAPICHE,964,959,952
160510,JENARO HERRERA,5084,5095,5092
160511,YAQUERANA,2278,2274,2263
160600,UCAYALI,62145,62395,62477
160601,CONTAMANA,27376,27856,28258
160602,INAHUAYA,1793,1768,1739
160603,PADRE MARQUEZ,3766,3637,3503
160604,PAMPA HERMOSA,6353,6286,62
160605,SARAYACU,15226,15251,15234
160606,VARGAS GUERRA,7631,7597,7543
160700,DATEM DEL MARA��N,57886,58949,5987
160701,BARRANCA,15214,156,1595
160702,CAHUAPANAS,7749,7857,7942
160703,MANSERICHE,9378,9428,9451
160704,MORONA,4811,469,4557
160705,PASTAZA,6164,6176,617
160706,ANDOAS,1457,15198,158
160800,PUTUMAYO,9197,9198,9174
160801,PUTUMAYO,4297,4346,4384
160802,ROSA PANDURO,612,615,615
160803,TENIENTE MANUEL CLAVERO,2797,271,2616
160804,YAGUAS,1491,1527,1559
170000,MADRE DE DIOS,161324,167674,173811
170100,TAMBOPATA,128119,134228,140214
170101,TAMBOPATA,92732,96463,100011
170102,INAMBARI,13742,14442,15132
170103,LAS PIEDRAS,15412,16939,18553
170104,LABERINTO,6233,6384,6518
170200,MANU,21016,21096,21118
170201,MANU,2425,2403,2373
170202,FITZCARRALD,1504,1528,1547
170203,MADRE DE DIOS,7012,679,6553
170204,HUEPETUHE,10075,10375,10645
170300,TAHUAMANU,12189,1235,12479
170301,I�APARI,2833,303,3227
170302,IBERIA,5995,59,5784
170303,TAHUAMANU,3361,342,3468
180000,MOQUEGUA,186371,189781,19274
180100,MARISCAL NIETO,91355,93569,95551
180101,MOQUEGUA,70388,72538,74486
180102,CARUMAS,2453,2322,2197
180103,CUCHUMBAYA,794,756,723
180104,SAMEGUA,9229,9528,9804
180105,SAN CRIST�BAL,1752,1668,1588
180106,TORATA,6739,6757,6753
180200,GENERAL S�NCHEZ CERRO,15828,15175,14503
180201,OMATE,3272,3198,3117
180202,CHOJATA,716,644,576
180203,COALAQUE,1024,996,965
180204,ICHU�A,3199,3111,3014
180205,LA CAPILLA,656,600,547
180206,LLOQUE,584,538,493
180207,MATALAQUE,471,436,402
180208,PUQUINA,2615,2568,2512
180209,QUINISTAQUILLAS,547,513,480
180210,UBINAS,1822,1697,1574
180211,YUNGA,922,874,823
180300,ILO,79188,81037,82686
180301,ILO,70065,7064,70753
180302,EL ALGARROBAL,4414,569,7257
180303,PACOCHA,4709,4707,4676
190000,PASCO,271704,272157,271904
190100,PASCO,128446,126971,125164
190101,CHAUPIMARCA,27258,27139,26924
190102,HUACH�N,4625,4621,4601
190103,HUARIACA,7125,7037,6925
190104,HUAYLLAY,9688,9585,9451
190105,NINACACA,4111,4132,4137
190106,PALLANCHACRA,1763,1655,1551
190107,PAUCARTAMBO,11189,1052,9858
190108,SAN FCO.DE ASIS DE YARUSYAC,4512,4155,3818
190109,SIMON BOL�VAR,1294,12846,12708
190110,TICLACAYAN,3301,3069,2847
190111,TINYAHUARCO,709,7196,7278
190112,VICCO,3617,3714,3802
190113,YANACANCHA,31227,31302,31264
190200,DANIEL ALCIDES CARRI�N,46193,46248,46179
190201,YANAHUANCA,11908,11718,11495
190202,CHACAYAN,2054,1935,182
190203,GOYLLARISQUIZGA,1572,1509,1445
190204,P�UCAR,1845,1815,1779
190205,SAN PEDRO DE PILLAO,1425,1403,1377
190206,SANTA ANA DE TUSI,22929,23495,23986
190207,T�PUC,2395,2288,218
190208,VILCABAMBA,2065,2085,2097
190300,OXAPAMPA,97065,98938,100561
190301,OXAPAMPA,16703,17006,17255
190302,CHONTABAMBA,5803,611,6412
190303,HUANCABAMBA,6921,6986,7028
190304,PALCAZU,8211,8156,8076
190305,POZUZO,499,4789,458
190306,PUERTO BERM�DEZ,20091,20825,21511
190307,VILLA RICA,18711,18692,1861
190308,CONSTITUCI�N,15635,16374,17089
200000,PIURA,1.974.368,2.013.517,2.047.954
200100,PIURA,850972,873854,894847
200101,PIURA,169213,173672,177748
200104,CASTILLA,17206,178066,183759
200105,CATACAOS,78209,79681,8095
200107,CURA MORI,19471,19794,20065
200108,EL TALLAN,5544,5594,5628
200109,LA ARENA,40018,40706,41286
200110,LA UNI�N,42785,43624,44355
200111,LAS LOMAS,28769,29047,29241
200114,TAMBO GRANDE,118814,121568,124028
200115,VEINTIS�IS DE OCTUBRE,176089,182102,187787
200200,AYABACA,128906,1285,127737
200201,AYABACA,33649,33313,32889
200202,FRIAS,21551,2149,2137
200203,JILILI,2708,2695,2675
200204,LAGUNAS,5919,5876,5816
200205,MONTERO,6713,668,6628
200206,PACAIPAMPA,23418,23373,23262
200207,PAIMAS,10227,10319,10382
200208,SAPILLICA,11039,11068,11065
200209,SICCHEZ,1723,1685,1642
200210,SUYO,11959,12001,12008
200300,HUANCABAMBA,118992,118927,118533
200301,HUANCABAMBA,29452,2949,29446
200302,CANCHAQUE,7798,7723,7628
200303,EL CARMEN DE LA FRONTERA,11892,1186,11797
200304,HUARMACA,37658,37627,37489
200305,LALAQUIZ,4302,4247,4181
200306,SAN MIGUEL DE EL FAIQUE,9315,9369,9395
200307,SONDOR,7547,7496,7425
200308,SONDORILLO,11028,11115,11172
200400,MORROP�N,170314,171985,173193
200401,CHULUCANAS,87221,88596,89735
200402,BUENOS AIRES,9935,10086,10211
200403,CHALACO,8008,7888,7746
200404,LA MATANZA,14639,14863,15047
200405,MORROP�N,15736,15915,16052
200406,SALITRAL,8966,9039,9086
200407,SAN JUAN DE BIGOTE,673,673,671
200408,SANTA CATALINA DE MOSSA,3874,3849,3813
200409,SANTO DOMINGO,6284,6164,6029
200410,YAMANGO,8921,8855,8764
200500,PAITA,140578,144581,148289
200501,PAITA,96202,9915,101905
200502,AMOTAPE,248,2507,2526
200503,ARENAL,1218,1235,1249
200504,COL�N,16057,16522,16953
200505,LA HUACA,13534,13868,1417
200506,TAMARINDO,515,5246,533
200507,VICHAYAL,5937,6053,6156
200600,SULLANA,331023,336678,34149
200601,SULLANA,183056,186434,189351
200602,BELLAVISTA,38301,38655,38905
200603,IGNACIO ESCUDERO,20941,21335,21676
200604,LANCONES,1321,13266,13286
200605,MARCAVELICA,31067,31705,32265
200606,MIGUEL CHECA,9675,9952,1021
200607,QUERECOTILLO,27408,27805,2813
200608,SALITRAL,7365,7526,7667
200700,TALARA,149424,152037,154268
200701,PARI�AS,101707,103472,104973
200702,EL ALTO,8617,8803,8969
200703,LA BREA,13031,13129,13192
200704,LOBITOS,1396,1392,1384
200705,LOS �RGANOS,11244,11453,11634
200706,M�NCORA,13429,13788,14116
200800,SECHURA,84159,86955,89597
200801,SECHURA,47345,49156,50892
200802,BELLAVISTA DE LA UNI�N,497,5096,521
200803,BERNAL,7356,7524,7674
200804,CRISTO NOS VALGA,4641,4798,4948
200805,VICE,16763,17264,17732
200806,RINCONADA LLICUAR,3084,3117,3141
210000,PUNO,1.236.836,1.239.022,1.237.997
210100,PUNO,229668,230273,230219
210101,PUNO,141077,142691,143867
210102,ACORA,24212,23858,23439
210103,AMANTANI,355,3494,343
210104,ATUNCOLLA,483,4791,4739
210105,CAPACHICA,7717,7448,7167
210106,CHUCUITO,7463,7433,738
210107,COATA,6975,6947,6898
210108,HUATA,322,3058,2904
210109,MA�AZO,5363,5362,5345
210110,PAUCARCOLLA,4444,4413,4368
210111,PICHACANI,5958,6,6026
210112,PLATER�A,7487,7426,7346
210113,SAN ANTONIO,2676,269,2697
210114,TIQUILLACA,1683,1654,162
210115,VILQUE,3013,3008,2993
210200,AZ�NGARO,115562,114007,112149
210201,AZ�NGARO,31139,31427,31615
210202,ACHAYA,2952,287,2782
210203,ARAPA,735,7252,713
210204,ASILLO,15165,14984,14758
210205,CAMINACA,3103,3046,298
210206,CHUPA,6609,6177,5756
210207,JOS� DOMINGO CHOQUEHUANCA,4844,4814,4767
210208,MU�ANI,6995,6943,6867
210209,POTONI,4009,3824,3637
210210,SAMAN,9925,9588,9231
210211,SAN ANTON,7632,7503,7352
210212,SAN JOS�,5092,5015,4923
210213,SAN JUAN DE SALINAS,3043,2962,2875
210214,SANTIAGO DE PUPUJA,4704,4613,4509
210215,TIRAPATA,3,2989,2967
210300,CARABAYA,77927,78511,78873
210301,MACUSANI,13848,14035,14173
210302,AJOYANI,2397,2441,2477
210303,AYAPATA,9587,9626,9627
210304,COASA,669,631,5932
210305,CORANI,4569,4659,4735
210306,CRUCERO,9887,10008,10095
210307,ITUATA,8174,8385,8569
210308,OLLACHEA,6299,6432,6544
210309,SAN GABAN,7341,7743,8135
210310,USICAYOS,9135,8872,8586
210400,CHUCUITO,93178,90742,88112
210401,JULI,20995,2074,2042
210402,DESAGUADERO,14082,13621,13132
210403,HUACULLANI,9444,9044,8634
210404,KELLUYO,7565,6975,6411
210405,PISACOMA,8676,8404,8114
210406,POMATA,14587,14314,13999
210407,ZEPITA,17829,17644,17402
210500,EL COLLAO,6832,67392,66287
210501,ILAVE,49591,49234,48729
210502,CAPAZO,1197,1152,1107
210503,PILCUYO,11279,11059,10812
210504,SANTA ROSA,3605,3412,322
210505,CONDURIRI,2648,2535,2419
210600,HUANCAN�,60419,59769,58957
210601,HUANCAN�,19341,19222,1905
210602,COJATA,4056,4037,4007
210603,HUATASANI,3279,3213,314
210604,INCHUPALLA,2731,2668,2598
210605,PUSI,5294,5201,5097
210606,ROSASPATA,4253,4151,4039
210607,TARACO,13694,13636,13536
210608,VILQUE CHICO,7771,7641,749
210700,LAMPA,43322,42996,42549
210701,LAMPA,11752,11786,11783
210702,CABANILLA,5911,5943,5955
210703,CALAPUJA,1716,1739,1755
210704,NICASIO,2476,2451,2419
210705,OCUVIRI,2425,2404,2376
210706,PALCA,1892,181,1725
210707,PARATIA,2823,2666,251
210708,PUCARA,555,5505,5442
210709,SANTA LUC�A,7503,7486,7445
210710,VILAVILA,1274,1206,1139
210800,MELGAR,70348,70119,69693
210801,AYAVIRI,25418,25708,25921
210802,ANTAUTA,5635,5711,577
210803,CUPI,2109,2073,2031
210804,LLALLI,2698,2608,2513
210805,MACARI,7377,7334,7268
210806,NU�OA,8765,8581,8374
210807,ORURILLO,7983,779,7579
210808,SANTA ROSA,6445,6408,6353
210809,UMACHIRI,3918,3906,3884
210900,MOHO,20321,19776,1919
210901,MOHO,11723,11334,10927
210902,CONIMA,3304,3289,3263
210903,HUAYRAPATA,2697,2594,2488
210904,TILALI,2597,2559,2512
211000,SAN ANTONIO DE PUTINA,36799,35803,34734
211001,PUTINA,14824,14367,13882
211002,ANANEA,12692,12129,11551
211003,PEDRO VILCA APAZA,2005,1963,1916
211004,QUILCAPUNCU,5495,5528,5541
211005,SINA,1783,1816,1844
211100,SAN ROM�N,325549,335193,34403
211101,JULIACA,240615,24697,252671
211102,CABANA,5314,5412,5495
211103,CABANILLAS,4652,4606,4546
211104,CARACOTO,7247,7374,7479
211105,SAN MIGUEL,67721,70831,73839
211200,SANDIA,56902,56575,56088
211201,SANDIA,11498,1149,11446
211202,CUYOCUYO,5619,5636,5633
211203,LIMBANI,3358,3319,3269
211204,PATAMBUCO,4244,4236,4212
211205,PHARA,5956,6061,6145
211206,QUIACA,2308,2312,2308
211207,SAN JUAN DEL ORO,3869,3543,3235
211208,YANAHUAYA,2176,2155,2127
211209,ALTO INAMBARI,753,7517,748
211210,SAN PEDRO DE PUTINA PUNCU,10344,10306,10233
211300,YUNGUYO,38521,37866,37116
211301,YUNGUYO,25447,25159,24795
211302,ANAPIA,1826,1787,1743
211303,COPANI,5023,4985,493
211304,CUTURAPI,1385,1366,1344
211305,OLLARAYA,2839,271,2579
211306,TINICACHI,957,917,876
211307,UNICACHI,1044,942,849
220000,SAN MART�N,866861,884283,899648
220100,MOYOBAMBA,130133,13205,133631
220101,MOYOBAMBA,81678,83623,85365
220102,CALZADA,4653,4729,4792
220103,HABANA,1681,1681,1677
220104,JEPELACIO,16313,16165,15972
220105,SORITOR,22922,22947,22909
220106,YANTALO,2886,2905,2916
220200,BELLAVISTA,58698,59867,60893
220201,BELLAVISTA,17819,18244,18627
220202,ALTO BIAVO,8877,9243,9595
220203,BAJO BIAVO,14445,14762,15041
220204,HUALLAGA,2741,2741,2735
220205,SAN PABLO,8672,8668,8638
220206,SAN RAFAEL,6144,6209,6257
220300,EL DORADO,41211,42145,42983
220301,SAN JOS� DE SISA,1629,16664,16998
220302,AGUA BLANCA,2383,2375,2359
220303,SAN MART�N,12378,1275,13096
220304,SANTA ROSA,7049,7185,7305
220305,SHATOJA,3111,3171,3225
220400,HUALLAGA,29027,29597,30097
220401,SAPOSOA,14328,14585,14798
220402,ALTO SAPOSOA,4822,5098,5374
220403,EL ESLABON,2105,2051,1992
220404,PISCOYACU,451,4619,4716
220405,SACANCHE,2449,2425,2395
220406,TINGO DE SAPOSOA,813,819,822
220500,LAMAS,86767,87816,88637
220501,LAMAS,15067,15288,15474
220502,ALONSO DE ALVARADO,14535,14532,14486
220503,BARRANQUITA,7038,7245,7435
220504,CAYNARACHI,1047,10787,11081
220505,CU�UMBUQUI,3277,3191,31
220506,PINTO RECODO,9151,9156,9134
220507,RUMISAPA,3599,3725,3842
220508,SAN ROQUE DE CUMBAZA,1679,17,1715
220509,SHANAO,1999,1963,192
220510,TABALOSOS,14248,1444,14593
220511,ZAPATERO,5704,5789,5857
220600,MARISCAL C�CERES,6888,711,73193
220601,JUANJUI,32828,33472,34024
220602,CAMPANILLA,15259,16221,1719
220603,HUICUNGO,8801,9113,9409
220604,PACHIZA,6295,6529,6752
220605,PAJARILLO,5697,5765,5818
220700,PICOTA,42832,43491,44039
220701,PICOTA,10846,11162,1145
220702,BUENOS AIRES,304,3035,3019
220703,CASPISAPA,2138,2165,2186
220704,PILLUANA,882,882,881
220705,PUCACACA,2989,3008,3019
220706,SAN CRIST�BAL,1211,1207,1199
220707,SAN HILARION,3901,3867,3823
220708,SHAMBOYACU,9808,10134,1044
220709,TINGO DE PONASA,3895,3897,3888
220710,TRES UNIDOS,4122,4134,4134
220800,RIOJA,126568,12926,131651
220801,RIOJA,25911,26323,2666
220802,AWAJUN,787,7925,7955
220803,EL�AS SOPL�N VARGAS,18547,19703,20862
220804,NUEVA CAJAMARCA,44888,45934,46862
220805,PARDO MIGUEL,17177,17206,17183
220806,POSIC,1964,2031,2094
220807,SAN FERNANDO,3698,3694,3678
220808,YORONGOS,2654,2617,2573
220809,YURACYACU,3859,3827,3784
220900,SAN MART�N,207197,212857,218074
220901,TARAPOTO,80445,81787,829
220902,ALBERTO LEVEAU,901,910,915
220903,CACATACHI,3639,3714,3778
220904,CHAZUTA,10235,10422,1058
220905,CHIPURANA,2314,2364,2407
220906,EL PORVENIR,2468,2514,2551
220907,HUIMBAYOC,5337,5446,5542
220908,JUAN GUERRA,3987,4072,4147
220909,LA BANDA DE SHILCAYO,4545,47438,49359
220910,MORALES,39372,41348,43287
220911,PAPAPLAYA,2104,2068,2028
220912,SAN ANTONIO,1688,1714,1734
220913,SAUCE,7279,705,681
220914,SHAPAJA,1978,201,2036
221000,TOCACHE,75548,761,7645
221001,TOCACHE,29831,30203,30496
221002,NUEVO PROGRESO,12269,12414,12525
221003,P�LVORA,10986,11056,11095
221004,SHUNTE,1334,1355,1374
221005,UCHIZA,21128,21072,2096
230000,TACNA,354644,363205,370974
230100,TACNA,329914,338421,346192
230101,TACNA,101639,103125,104314
230102,ALTO DE LA ALIANZA,35272,35319,35258
230103,CALANA,3278,3355,3424
230104,CIUDAD NUEVA,33044,32991,32834
230105,INCLAN,2865,2779,2688
230106,PACHIA,2218,2251,2277
230107,PALCA,2065,215,2232
230108,POCOLLAY,19008,1924,19415
230109,SAMA,3435,3564,3686
230110,CRNEL.GREGORIO ALBARRACIN LANCHIPA,120575,127017,133338
230111,LA YARADA LOS PALOS,6515,663,6726
230200,CANDARAVE,6378,6242,6093
230201,CANDARAVE,2473,242,2359
230202,CAIRANI,1022,997,970
230203,CAMILACA,12,1161,112
230204,CURIBAYA,420,449,479
230205,HUANUARA,524,503,480
230206,QUILAHUANI,739,712,685
230300,JORGE BASADRE,12013,12295,12549
230301,LOCUMBA,2567,262,2669
230302,ILABAYA,6225,6452,6663
230303,ITE,3221,3223,3217
230401,TARATA,3593,3593,3585
230402,H�ROES ALBARRAC�N,326,310,295
230403,ESTIQUE,250,234,219
230405,SITAJARA,363,348,334
230406,SUSAPAYA,532,510,488
230407,TARUCACHI,329,322,312
230408,TICACO,613,598,582
240101,TUMBES,109787,111761,113458
240102,CORRALES,24746,25242,25679
240103,LA CRUZ,10167,10434,10679
240104,PAMPAS DE HOSPITAL,7326,746,7578
240105,SAN JACINTO,8816,8936,9035
240106,SAN JUAN DE LA VIRGEN,4713,4826,4927
240201,ZORRITOS,13115,13476,13807
240202,CASITAS,2609,2658,27
240203,CANOAS DE PUNTA SAL,6968,7297,762
240301,ZARUMILLA,24067,24756,2539
240302,AGUAS VERDES,18615,18931,19195
240303,MATAPALO,3677,3991,432
240304,PAPAYAL,6715,6931,7133
250101,CALLERIA,165393,168924,172052
250102,CAMPOVERDE,18426,19029,19598
250103,IPARIA,12052,12217,1235
250104,MASISEA,1188,11937,11961
250105,YARINACOCHA,112352,115625,118666
250106,NUEVA REQUENA,5624,569,5742
250107,MANANTAY,100229,10388,107364
250201,RAYMONDI,37423,38611,39732
250202,SEPAHUA,7963,8123,8264
250203,TAHUANIA,9969,10303,10618
250204,YURUA,2278,2359,2435
250301,PADRE ABAD,35675,36918,381
250302,IRAZOLA,1123,11656,12065
250303,CURIMANA,9377,9803,10219
250304,NESHUYA,965,1008,10501
250305,ALEXANDER VON HUMBOLDT,5903,6037,6159
250401,PUR�S,3343,3317,3284
